{
  "name": "majimonsters",
  "title": "Majimonsters",
  "description": "The Monster-Catching Roleplaying Game now available on Foundry VTT",
  "version": 0.2,
  "minimumCoreVersion": "0.5.3",
  "templateVersion": 2,
  "author": "U~man",
  "esmodules": ["majimonsters.js"],
  "styles": ["majimonsters.css"],
  "packs": [],
  "languages": [
    {
      "lang": "en",
      "name": "English",
      "path": "lang/en.json"
    }
  ],
  "gridDistance": 5,
  "gridUnits": "ft",
  "url": "https://gitlab.com/mesfoliesludiques/foundryvtt-majimonsters",
  "manifest": "https://gitlab.com/mesfoliesludiques/foundryvtt-majimonsters/raw/master/src/system.json",
  "download": "https://gitlab.com/mesfoliesludiques/foundryvtt-majimonsters/-/raw/master/package/majimonsters-v0.2.zip"
}
