{
  "Actor": {
    "types": ["binder", "monster"],
    "binder": {
      "details": {
        "biography": "",
        "class": "",
        "archetype": "",
        "authority": 0
      },
      "attributes": {
        "interaction": {
          "value": 0
        },
        "knowledge": {
          "value": 0
        },
        "vigor": {
          "value": 0
        }
      },
      "skills": {
        "guile": {
          "value": 0,
          "ability": "interaction"
        },
        "perception": {
          "value": 0,
          "ability": "interaction"
        },
        "persuasion": {
          "value": 0,
          "ability": "interaction"
        },
        "wits": {
          "value": 0,
          "ability": "interaction"
        },
        "education": {
          "value": 0,
          "ability": "knowledge"
        },
        "intuition": {
          "value": 0,
          "ability": "knowledge"
        },
        "proficiency": {
          "value": 0,
          "ability": "knowledge"
        },
        "survival": {
          "value": 0,
          "ability": "knowledge"
        },
        "athletics": {
          "value": 0,
          "ability": "vigor"
        },
        "fortitude": {
          "value": 0,
          "ability": "vigor"
        },
        "strength": {
          "value": 0,
          "ability": "vigor"
        },
        "willpower": {
          "value": 0,
          "ability": "vigor"
        }
      },
      "currency": {
        "imperials": 0,
        "suls": 0,
        "eyes": 0
      },
      "health": {
        "value": 20,
        "max": 20
      }
    },
    "monster": {
      "hp": {
        "max": 0,
        "value": 0
      },
      "grit": {
        "value": 0,
        "max": 0
      },
      "affinity": {
        "value": 2,
        "mod": 0
      },
      "resistance": {
        "value": 2,
        "mod": 0
      },
      "details": {
        "biography": "",
        "size": "medium",
        "gender": "female",
        "empower": false,
        "weight": 0,
        "level": 0,
        "grade": 0
      },
      "attributes": {
        "health": {
          "value": 0,
          "mod": 0
        },
        "strike": {
          "value": 0,
          "mod": 0
        },
        "protection": {
          "value": 0,
          "mod": 0
        },
        "magic": {
          "value": 0,
          "mod": 0
        },
        "discipline": {
          "value": 0,
          "mod": 0
        },
        "speed": {
          "value": 0,
          "mod": 0
        },
        "brawn": {
          "value": 0,
          "mod": 0
        },
        "talent": {
          "value": 0,
          "mod": 0
        }
      },
      "resistances": [],
      "affinities": [],
      "vulnerabilities": []
    }
  },
  "Item": {
    "types": ["item", "drajule", "feature", "technique"],
    "item": {
      "description": "",
      "quantity": 1,
      "weight": 0
    },
    "drajule": {
      "description": "",
      "monster": {
        "id": ""
      }
    },
    "feature": {
      "description": "",
      "source": "",
      "counter": {
        "active": false,
        "value": 0,
        "max": 0,
        "icon": "systems/majimonsters/assets/icons/counters/trick.png"
      }
    },
    "technique": {
      "description": "",
      "element": "basic",
      "details": {
        "tier": 1,
        "attack": "",
        "defense": "",
        "target": ""
      },
      "tags": {
        "reach": "",
        "descriptor": "",
        "action": ""
      },
      "damage": {
        "die": 0,
        "num": 0,
        "bonus": 0
      },
      "trigger": {
        "threshold": 0,
        "condition": ""
      }
    }
  }
}
