{
  "name": "ose",
  "title": "Old-School Essentials",
  "description": "Play B/X OSR modules with Old-School Essentials on Foundry VTT",
  "version": 0.5,
  "minimumCoreVersion": "0.6.2",
  "compatibleCoreVersion": "0.6.5",
  "templateVersion": 2,
  "author": "U~man",
  "esmodules": ["ose.js"],
  "styles": ["ose.css"],
  "packs": [
    {
      "name": "OSEMacros",
      "label": "Old School Essentials Macros",
      "system": "ose",
      "path": "./packs/macros.db",
      "entity": "Macro"
    }
  ],
  "languages": [
    {
      "lang": "en",
      "name": "English",
      "path": "lang/en.json"
    },
    {
      "lang": "fr",
      "name": "French (FRANCE)",
      "path": "lang/fr.json"
    }
  ],
  "gridDistance": 5,
  "gridUnits": "ft",
  "url": "https://gitlab.com/mesfoliesludiques/foundryvtt-ose",
  "manifest": "https://gitlab.com/mesfoliesludiques/foundryvtt-ose/raw/master/src/system.json",
  "download": "https://gitlab.com/mesfoliesludiques/foundryvtt-ose/-/raw/master/package/ose-v0.5.zip"
}
