{
  "name": "ose",
  "title": "Old-School Essentials",
  "description": "Play B/X OSR modules with Old-School Essentials on Foundry VTT",
  "version": "1.1.5",
  "minimumCoreVersion": "0.7.5",
  "compatibleCoreVersion": "0.7.9",
  "templateVersion": 2,
  "author": "U~man",
  "esmodules": ["ose.js"],
  "styles": ["ose.css"],
  "packs": [],
  "languages": [
    {
      "lang": "en",
      "name": "English",
      "path": "lang/en.json"
    },
    {
      "lang": "fr",
      "name": "French (FRANCE)",
      "path": "lang/fr.json"
    },
    {
    "lang": "pt-BR",
    "name": "Português (Brasil)",
    "path": "lang/pt-BR.json"
    },
    {
      "lang": "fr",
      "name": "French (FRANCE)",
      "path": "lang/fr.json"
    },
    {
      "lang": "es",
      "name": "Spanish",
      "path": "lang/es.json"
    }
  ],
  "gridDistance": 5,
  "gridUnits": "ft",
  "url": "https://gitlab.com/mesfoliesludiques/foundryvtt-ose",
  "manifest": "https://gitlab.com/mesfoliesludiques/foundryvtt-ose/raw/master/src/system.json",
  "download": "https://gitlab.com/mesfoliesludiques/foundryvtt-ose/-/raw/master/package/ose-v1.1.5.zip"
}
